match_id,team,player,x,y,outcome,body_part,shot_type,is_goal,is_header,distance,angle,xG
15978,Real Sociedad,Aritz Elustondo Irribaria,107.5,29.7,Goal,Left Foot,Open Play,1,0,16.196913286178944,0.3522249391036161,0.09891848328599351
15978,Real Sociedad,Juan Miguel Jiménez López,99.4,50.9,Wayward,Right Foot,Open Play,0,0,23.306007809146543,0.2773009572907067,0.06735496349816776
15978,Barcelona,Gerard Piqué Bernabéu,112.8,46.7,Off T,Head,Open Play,0,1,9.835141076771604,0.5639314789500716,0.15636297694925452
15978,Barcelona,Gerard Piqué Bernabéu,113.1,35.4,Saved,Right Foot,Open Play,0,0,8.29276793356718,0.7394700600885248,0.1930057371009571
15978,Barcelona,Ivan Rakitić,112.4,38.0,Off T,Head,Open Play,0,1,7.858753081755394,0.8551679219374912,0.2157595226103105
15978,Real Sociedad,Mikel Oyarzabal Ugarte,105.4,34.7,Saved,Left Foot,Open Play,0,0,15.53222456700906,0.4385713137569019,0.110228473755512
15978,Barcelona,Ousmane Dembélé,111.0,31.5,Wayward,Head,Open Play,0,1,12.379418403139947,0.440229835303191,0.1261736891617215
15978,Real Sociedad,Mikel Oyarzabal Ugarte,109.0,53.1,Off T,Right Foot,Open Play,0,0,17.1058469536004,0.2807629485147402,0.0889445467760636
15978,Barcelona,Lionel Andrés Messi Cuccittini,97.8,43.6,Saved,Left Foot,Open Play,0,0,22.48999777678958,0.3187668780150805,0.0726873234955597
15978,Real Sociedad,Theo Bernard François Hernández,112.1,25.9,Saved,Left Foot,Open Play,0,0,16.16230181626368,0.2292407603390331,0.08831891180952119
15978,Real Sociedad,Juan Miguel Jiménez López,107.6,34.0,Saved,Right Foot,Open Play,0,0,13.775340286178055,0.4753080440052089,0.12280276606678131
15978,Barcelona,Gerard Piqué Bernabéu,115.9,45.7,Saved,Head,Open Play,0,1,7.021395872616782,0.6962431190166608,0.19559676283799315
15978,Barcelona,Luis Alberto Suárez Díaz,115.8,41.8,Goal,Right Foot,Open Play,1,0,4.569463863518346,1.3319987709632546,0.3449572169803154
15978,Barcelona,Philippe Coutinho Correia,98.1,28.9,Saved,Right Foot,Open Play,0,0,24.55239295873216,0.2655506155395605,0.06297118598081036
15978,Barcelona,Ousmane Dembélé,104.8,39.4,Goal,Left Foot,Open Play,1,0,15.211837495845138,0.4719131339524109,0.11520251089447045
15978,Barcelona,Luis Alberto Suárez Díaz,112.4,49.3,Off T,Left Foot,Open Play,0,0,12.010412149464308,0.4019928496690038,0.123804548315246
15978,Barcelona,Lionel Andrés Messi Cuccittini,97.6,47.7,Off T,Left Foot,Open Play,0,0,23.68649404196409,0.2909067017789224,0.0670876021792016
15978,Real Sociedad,Juan Miguel Jiménez López,109.6,39.7,Off T,Head,Open Play,0,1,10.404326023342412,0.6763105674291483,0.1683851810471593
15978,Barcelona,Luis Alberto Suárez Díaz,106.6,41.4,Blocked,Right Foot,Open Play,0,0,13.472935834479438,0.5281429367947676,0.1304265959805966
15978,Real Sociedad,Mikel Merino Zazón,87.5,44.7,Blocked,Left Foot,Open Play,0,0,32.838087642248595,0.2197833456239237,0.04127773031080366
16023,Valencia,Ezequiel Marcelo Garay,118.8,42.7,Goal,Right Foot,Open Play,1,0,2.954657340538835,2.059050367351234,0.5461975482643726
16023,Valencia,Michy Batshuayi Tunga,106.5,27.4,Saved,Left Foot,Open Play,0,0,18.46645607581487,0.2929562038682062,0.08475706409307786
16023,Valencia,Geoffrey Kondogbia,97.2,45.3,Off T,Left Foot,Open Play,0,0,23.407904647789383,0.3026360143868369,0.06869928743837549
16023,Valencia,Michy Batshuayi Tunga,98.9,39.7,Saved,Right Foot,Open Play,0,0,21.10213259365033,0.3434354424156256,0.07914440429420873
16023,Barcelona,Luis Alberto Suárez Díaz,77.1,78.0,Off T,Right Foot,Open Play,0,0,57.30977229059632,0.0957099244097027,0.01155678968880637
16023,Barcelona,Lionel Andrés Messi Cuccittini,95.8,47.7,Saved,Left Foot,Open Play,0,0,25.39547203735344,0.2734702387689296,0.061089267565919855
16023,Barcelona,Lionel Andrés Messi Cuccittini,96.8,40.4,Goal,Left Foot,Open Play,1,0,23.203448019637083,0.3128488701962648,0.07001240697999458
16023,Valencia,Denis Cheryshev,109.6,39.3,Blocked,Right Foot,Open Play,0,0,10.423531071570714,0.6742573257937055,0.16796019552110014
16023,Valencia,José Luis Gayà Peña,109.0,24.1,Off T,Left Foot,Open Play,0,0,19.33416664870767,0.2198000645133807,0.0761069861008059
16023,Barcelona,Jordi Alba Ramos,102.8,28.6,Blocked,Right Foot,Open Play,0,0,20.63492185592182,0.2963052644898783,0.07726253511698912
16023,Valencia,Denis Cheryshev,98.6,36.6,Off T,Left Foot,Open Play,0,0,21.668410186259635,0.3308122131713651,0.07626290302938148
16023,Barcelona,Philippe Coutinho Correia,101.2,24.1,Saved,Right Foot,Open Play,0,0,24.622144504490254,0.2280851598600581,0.060540892175187336
16023,Barcelona,Lionel Andrés Messi Cuccittini,114.5,26.9,Saved,Left Foot,Open Play,0,0,14.207744367069674,0.2104579505332567,0.09450935037124178
16023,Valencia,Daniel Parejo Muñoz,96.1,22.5,Off T,Right Foot,Open Play,0,0,29.621951319924896,0.1997704071738954,0.04691465391031508
16023,Valencia,Michy Batshuayi Tunga,97.8,38.8,Blocked,Left Foot,Open Play,0,0,22.232408776378687,0.3258794723229341,0.07402664806927686
16023,Valencia,Kevin Gameiro,108.9,55.9,Off T,Right Foot,Open Play,0,0,19.39123513343077,0.2204257983725451,0.07595964910492933
16023,Barcelona,Lionel Andrés Messi Cuccittini,89.8,50.0,Off T,Left Foot,Free Kick,0,0,31.81257612957492,0.2178510394586131,0.043189928088089455
16023,Barcelona,Luis Alberto Suárez Díaz,101.5,22.1,Blocked,Right Foot,Open Play,0,0,25.74218327958994,0.2056265163773445,0.05630948178786737
16023,Barcelona,Lionel Andrés Messi Cuccittini,111.0,29.4,Off T,Right Foot,Open Play,0,0,13.905394636614956,0.3509208549123069,0.10904380693522225
16023,Barcelona,Lionel Andrés Messi Cuccittini,98.5,32.0,Saved,Right Foot,Open Play,0,0,22.940139493908923,0.2977482287174589,0.06982343357412099
16095,Levante UD,Emmanuel Okyere Boateng,109.2,55.2,Saved,Right Foot,Open Play,0,0,18.646179233290663,0.2322265782273313,0.07939471926116624
16095,Barcelona,Thomas Vermaelen,109.6,35.5,Off T,Head,Open Play,0,1,11.331813623599716,0.5846951500017542,0.1498140822018246
16095,Barcelona,Lionel Andrés Messi Cuccittini,95.6,40.7,Off T,Left Foot,Open Play,0,0,24.41003891844501,0.2975439142494389,0.06536082170099088
16095,Levante UD,Rubén Rochina Naixes,91.1,56.1,Blocked,Left Foot,Open Play,0,0,33.0820192854064,0.1932499955540294,0.039759574285518594
16095,Barcelona,Lionel Andrés Messi Cuccittini,94.7,50.2,Saved,Left Foot,Free Kick,0,0,27.27874630550312,0.2482119749058199,0.05473879317808947
16095,Levante UD,Rubén Rochina Naixes,93.6,56.4,Blocked,Left Foot,Free Kick,0,0,31.079253530289307,0.2001630991482891,0.0438983762695607
16095,Levante UD,Emmanuel Okyere Boateng,112.1,33.1,Post,Left Foot,Open Play,0,0,10.489041900955495,0.5393028493486385,0.14901697345195586
16095,Levante UD,José Ángel Gómez Campaña,107.3,26.5,Blocked,Left Foot,Open Play,0,0,18.534832073693035,0.2744786788639832,0.0830415325235217
16095,Barcelona,Lionel Andrés Messi Cuccittini,100.0,33.8,Blocked,Left Foot,Open Play,0,0,20.93895890439637,0.3317082058476059,0.07883581769862232
16095,Barcelona,Luis Alberto Suárez Díaz,109.7,40.9,Goal,Right Foot,Open Play,1,0,10.339245620450264,0.67859266792864,0.16915364999087182
16095,Levante UD,José Luis Morales Nogales,114.2,25.6,Blocked,Right Foot,Open Play,0,0,15.52417469626002,0.1844147679461207,0.08707715201531384
16095,Levante UD,Erick Cathriel Cabaco Almada,112.5,37.6,Saved,Head,Open Play,0,1,7.874642849044012,0.8460456840221984,0.21404513278821571
16095,Barcelona,Ivan Rakitić,90.9,57.6,Off T,Right Foot,Open Play,0,0,34.00838131990407,0.1842210938629204,0.03775532079367635
16095,Barcelona,Lionel Andrés Messi Cuccittini,111.4,49.0,Goal,Right Foot,Open Play,1,0,12.448293055676343,0.4184277521614161,0.12335973106460757
16095,Barcelona,Lionel Andrés Messi Cuccittini,103.6,38.4,Goal,Left Foot,Open Play,1,0,16.47786393923679,0.4353218684642347,0.10553426129426975
16095,Levante UD,Antonio García Aranda,104.3,24.2,Saved,Left Foot,Open Play,0,0,22.27397584626508,0.2337181622972852,0.06764988402292217
16095,Levante UD,Enis Bardhi,91.4,49.3,Off T,Left Foot,Open Play,0,0,30.07407521437691,0.2307632670798981,0.04737314034308977
16095,Levante UD,José Ángel Gómez Campaña,104.7,36.0,Blocked,Left Foot,Open Play,0,0,15.814234094637651,0.4419517827796356,0.10924501276004987
16095,Barcelona,Luis Alberto Suárez Díaz,112.0,50.1,Saved,Right Foot,Open Play,0,0,12.88448679614365,0.3663867599845471,0.11551938307845055
16095,Levante UD,Enis Bardhi,89.5,34.7,Saved,Right Foot,Free Kick,0,0,30.957067044537663,0.23201313627138,0.0455508893250862
16095,Barcelona,Lionel Andrés Messi Cuccittini,115.3,37.7,Goal,Left Foot,Open Play,1,0,5.232590180780453,1.184719695356567,0.30473117147139933
16095,Levante UD,Erick Cathriel Cabaco Almada,115.8,31.3,Blocked,Right Foot,Open Play,0,0,9.660745312862772,0.3671738338182208,0.13240442498709554
16095,Barcelona,Arthur Henrique Ramos de Oliveira Melo,94.0,36.8,Saved,Right Foot,Open Play,0,0,26.196182928052707,0.2756577506460892,0.059044674818109766
16095,Levante UD,Enis Bardhi,91.7,45.5,Off T,Right Foot,Open Play,0,0,28.8294987816299,0.2481066523785787,0.05100382789659069
16095,Levante UD,Sanjin Prcić,90.4,45.9,Wayward,Right Foot,Open Play,0,0,30.182279569310197,0.2368657214445256,0.04742226696228122
16095,Levante UD,José Ángel Gómez Campaña,91.3,28.3,Off T,Right Foot,Open Play,0,0,30.99322506613341,0.2182650476698513,0.04486456735322317
16095,Barcelona,Lionel Andrés Messi Cuccittini,95.3,48.2,Off T,Left Foot,Free Kick,0,0,26.025564355072117,0.2658748739491517,0.05894026075390562
16095,Levante UD,Sanjin Prcić,94.9,40.7,Off T,Right Foot,Open Play,0,0,25.109759058979435,0.2893751699318231,0.06283944994767288
16095,Barcelona,Luis Alberto Suárez Díaz,103.3,43.8,Off T,Right Foot,Open Play,0,0,17.12687945890903,0.4117287110789737,0.10040982913356299
16095,Levante UD,Borja Mayoral Moya,105.9,50.2,Saved,Right Foot,Open Play,0,0,17.40258601472781,0.3425196087266542,0.09302678345447224
16095,Levante UD,David Remeseiro Salgueiro,100.3,46.3,Off T,Right Foot,Open Play,0,0,20.682843131445928,0.3348881597037395,0.07997479189264432
16095,Barcelona,Philippe Coutinho Correia,101.2,36.0,Off T,Right Foot,Open Play,0,0,19.220822042774337,0.3688263744413254,0.08806589538246133
16095,Barcelona,Denis Suárez Fernández,109.5,48.5,Saved,Right Foot,Open Play,0,0,13.509256086106296,0.4265998694131904,0.11883094058707964
16095,Levante UD,Sanjin Prcić,100.0,42.7,Blocked,Left Foot,Open Play,0,0,20.18142710513803,0.3558508560390661,0.08340153517908028
16095,Barcelona,Gerard Piqué Bernabéu,109.4,37.4,Goal,Left Foot,Open Play,1,0,10.914210919713796,0.6331225368054971,0.15894408188957063
16095,Levante UD,Sanjin Prcić,95.0,39.7,Saved,Right Foot,Open Play,0,0,25.001799935204662,0.2906942319638849,0.06322604577528697
16120,Getafe,Ángel Luis Rodríguez Díaz,103.7,48.2,Off T,Right Foot,Open Play,0,0,18.246369501903654,0.3573722882442104,0.0909190774912801
16120,Getafe,Vitorino Gabriel Pacheco Antunes,91.0,33.7,Wayward,Left Foot,Open Play,0,0,29.67642161716941,0.2400419629576319,0.048683652576460984
16120,Barcelona,Lionel Andrés Messi Cuccittini,108.5,34.0,Saved,Left Foot,Open Play,0,0,12.971121771072848,0.4979220313271679,0.1296320503656925
16120,Barcelona,Lionel Andrés Messi Cuccittini,117.0,31.0,Goal,Left Foot,Open Play,1,0,9.486832980505138,0.2791808089883538,0.12323347523168171
16120,Barcelona,Luis Alberto Suárez Díaz,117.0,52.0,Saved,Right Foot,Open Play,0,0,12.36931687685298,0.1560231465191894,0.09730548097487975
16120,Barcelona,Gerard Piqué Bernabéu,114.4,35.3,Saved,Left Foot,Open Play,0,0,7.310950690573693,0.7969663289871468,0.2101217887882347
16120,Barcelona,Luis Alberto Suárez Díaz,103.6,31.7,Blocked,Right Foot,Open Play,0,0,18.380696395947577,0.3543795721197496,0.09013389153869193
16120,Barcelona,Luis Alberto Suárez Díaz,100.5,46.9,Goal,Right Foot,Open Play,1,0,20.68477701112584,0.3316739502687227,0.07972467132891477
16120,Getafe,Mauro Wilney Arambarri Rosa,106.8,35.1,Wayward,Right Foot,Open Play,0,0,14.080127840328725,0.4816448284794105,0.1219312174184586
16120,Getafe,Ángel Luis Rodríguez Díaz,102.6,43.9,Off T,Right Foot,Open Play,0,0,17.831713322056302,0.3960829049004212,0.09598432187604898
16120,Getafe,Jaime Mata Arnaiz,118.7,39.4,Goal,Right Foot,Open Play,1,0,1.4317821063276337,2.4436724724799923,0.6580749130789506
16120,Getafe,Mauro Wilney Arambarri Rosa,90.9,45.2,Off T,Right Foot,Open Play,0,0,29.56095397648729,0.242678587310544,0.049067818011047995
16120,Getafe,Ángel Luis Rodríguez Díaz,112.8,51.6,Off T,Right Foot,Open Play,0,0,13.652838532700812,0.2957079006612312,0.1047719724768143
16120,Barcelona,Lionel Andrés Messi Cuccittini,106.1,31.1,Saved,Right Foot,Open Play,0,0,16.505150711217397,0.3742948673882917,0.09962730853193137
16120,Getafe,Leandro Daniel Cabrera Sasía,111.7,35.9,Saved,Head,Open Play,0,1,9.257429448826493,0.6988244435961446,0.17963565690904834
16120,Getafe,Vitorino Gabriel Pacheco Antunes,90.0,29.1,Blocked,Left Foot,Open Play,0,0,31.918803235710453,0.2150402670852303,0.042860560420307815
16120,Barcelona,Lionel Andrés Messi Cuccittini,95.8,30.9,Off T,Left Foot,Free Kick,0,0,25.85440001237701,0.2641092147859209,0.05929651139759471
16120,Barcelona,Lionel Andrés Messi Cuccittini,101.3,42.5,Saved,Left Foot,Open Play,0,0,18.866372200293306,0.3801697028906315,0.0903995110424178
16120,Getafe,Jorge Molina Vidal,107.4,29.0,Blocked,Left Foot,Open Play,0,0,16.726027621644054,0.3333413153523989,0.0949899175916002
16120,Barcelona,Lionel Andrés Messi Cuccittini,92.9,40.1,Saved,Left Foot,Open Play,0,0,27.100184501216955,0.2684826275022179,0.05628338596830166
16120,Barcelona,Clément Lenglet,114.1,38.7,Off T,Head,Open Play,0,1,6.041522986797291,1.079563563332424,0.27446869616961567
16120,Barcelona,Lionel Andrés Messi Cuccittini,88.3,51.0,Off T,Left Foot,Free Kick,0,0,33.55428437621641,0.2056317129388027,0.03938201520619231
16120,Barcelona,Luis Alberto Suárez Díaz,115.2,53.4,Blocked,Right Foot,Open Play,0,0,14.233762678926466,0.183612312357228,0.09206442357930124
16131,Eibar,Sergio Enrich Ametller,112.3,48.1,Wayward,Right Foot,Open Play,0,0,11.17586685675881,0.4680273917716735,0.13601861375325075
16131,Eibar,José Ángel Valdés Díaz,97.9,25.5,Blocked,Right Foot,Open Play,0,0,26.432177360179764,0.2318279775937979,0.055983132117834046
16131,Eibar,Anaitz Arbilla Zabala,108.2,41.9,Wayward,Head,Open Play,0,1,11.951987282456416,0.5883932541463206,0.14653417566004054
16131,Barcelona,Luis Alberto Suárez Díaz,107.2,29.2,Goal,Right Foot,Open Play,1,0,16.747537132366656,0.337396646137625,0.09526057581276098
16131,Eibar,Gonzalo Escalante,99.3,42.3,Blocked,Left Foot,Open Play,0,0,20.82738581771606,0.3459464061821996,0.08030265639034609
16131,Eibar,Sergio Enrich Ametller,107.9,43.0,Off T,Head,Open Play,0,1,12.466354719804816,0.5576518656607774,0.13962237078178547
16131,Barcelona,Sergi Roberto Carnicer,112.5,48.2,Off T,Head,Open Play,0,1,11.112605455067683,0.4625774095321065,0.13571626849182494
16131,Eibar,Fabián Ariel Orellana Valenzuela,95.4,47.8,Off T,Left Foot,Open Play,0,0,25.806975801127876,0.2692290067612273,0.05971922489123839
16131,Barcelona,Lionel Andrés Messi Cuccittini,110.5,30.6,Goal,Left Foot,Open Play,1,0,13.364505228402582,0.3983992652837692,0.11653649205078913
16131,Eibar,Joan Jordán Moreno,98.7,27.7,Blocked,Right Foot,Open Play,0,0,24.59634119132356,0.2576966033050442,0.06237183972255692
16131,Eibar,Pedro Bigas Rigo,107.1,31.8,Off T,Left Foot,Open Play,0,0,15.285614151874965,0.4050193433990759,0.1080200860742789
16131,Barcelona,Luis Alberto Suárez Díaz,111.9,40.9,Saved,Head,Open Play,0,1,8.14984662432367,0.8411434187264735,0.210987182993402
16131,Barcelona,Philippe Coutinho Correia,117.0,28.1,Saved,Left Foot,Open Play,0,0,12.2723265927859,0.1586957374294029,0.09795858955031793
16131,Barcelona,Lionel Andrés Messi Cuccittini,101.1,37.7,Saved,Left Foot,Open Play,0,0,19.03943276465977,0.3773075242015306,0.08947760939158694
16131,Barcelona,Luis Alberto Suárez Díaz,115.0,52.2,Goal,Right Foot,Open Play,1,0,13.18483977907961,0.2242786960474335,0.10007479466835462
16131,Eibar,Sergio Enrich Ametller,112.9,37.5,Off T,Head,Open Play,0,1,7.52728370662352,0.8765760812777422,0.22225545333404062
16131,Eibar,Gonzalo Escalante,116.7,46.2,Off T,Right Foot,Open Play,0,0,7.023531875061152,0.5918407759844097,0.1792106985100364
16131,Eibar,Pablo Ezequiel De Blasis,111.0,32.5,Saved,Head,Open Play,0,1,11.71537451385998,0.4888523543277481,0.1354945207192966
16131,Eibar,Enrique García Martínez,115.9,24.0,Saved,Left Foot,Open Play,0,0,16.516960979550685,0.1151792911997888,0.07806860158580448
16131,Eibar,Fabián Ariel Orellana Valenzuela,114.9,47.7,Wayward,Right Foot,Open Play,0,0,9.235799911215054,0.4788809884286193,0.14875919287149686
16131,Eibar,Enrique García Martínez,115.0,48.5,Off T,Right Foot,Open Play,0,0,9.86154146165801,0.4115462916285968,0.1366025950380671
16131,Eibar,Papa Kouly Diop,94.3,35.9,Blocked,Left Foot,Open Play,0,0,26.024987992312315,0.2761217728531304,0.059530071217946845
16131,Eibar,Anaitz Arbilla Zabala,110.5,44.1,Off T,Head,Open Play,0,1,10.34698023579827,0.638643768621085,0.16339729000567751
19717,Arsenal WFC,Vivianne Miedema,111.0,46.0,Blocked,Right Foot,Open Play,0,0,10.816653826391969,0.5663851413815625,0.15056559269937245
19717,Arsenal WFC,Vivianne Miedema,115.0,44.0,Goal,Right Foot,Open Play,1,0,6.4031242374328485,0.9246007898211284,0.24065638259291322
19717,Arsenal WFC,Lisa Evans,111.0,43.0,Goal,Right Foot,Open Play,1,0,9.486832980505138,0.7102726283635808,0.17974947685194798
19717,Arsenal WFC,Danielle van de Donk,105.0,40.0,Blocked,Left Foot,Open Play,0,0,15.0,0.4786473619894159,0.11695863506904544
19717,Liverpool WFC,Laura Coombs,97.0,51.0,Blocked,Left Foot,Open Play,0,0,25.495097567963924,0.2585463821558603,0.05994305282204929
19717,Liverpool WFC,Christie Murray,109.0,44.0,Blocked,Right Foot,Open Play,0,0,11.704699910719626,0.5773820270241233,0.14660137550510877
19717,Arsenal WFC,Vivianne Miedema,107.0,28.0,Saved,Right Foot,Open Play,0,0,17.69180601295413,0.3075414696606731,0.0888987457718453
19717,Arsenal WFC,Katie McCabe,97.0,28.0,Blocked,Left Foot,Open Play,0,0,25.942243542145693,0.2499079770632643,0.0582537035205238
19717,Arsenal WFC,Louise Quinn,111.0,37.0,Wayward,Head,Open Play,0,1,9.486832980505138,0.7102726283635808,0.17974947685194798
19717,Arsenal WFC,Louise Quinn,112.0,47.0,Off T,Head,Open Play,0,1,10.63014581273465,0.531494129225016,0.14714688791952182
19717,Liverpool WFC,Christie Murray,100.0,56.0,Saved,Left Foot,Open Play,0,0,25.612496949731398,0.2239996924068304,0.05766142234702242
19717,Arsenal WFC,Kim Little,110.0,31.0,Goal,Left Foot,Open Play,1,0,13.45362404707371,0.4117746385398368,0.11751789600360629
19717,Arsenal WFC,Vivianne Miedema,108.0,35.0,Blocked,Left Foot,Open Play,0,0,13.0,0.5139138642448875,0.1313438629524676
19717,Arsenal WFC,Vivianne Miedema,113.0,40.0,Blocked,Right Foot,Open Play,0,0,7.0,0.963531343073726,0.242751165546184
19717,Arsenal WFC,Bethany Mead,115.0,49.0,Post,Right Foot,Open Play,0,0,10.295630140987,0.3763872109696879,0.13000931739820273
19717,Liverpool WFC,Rinsola Babajide,96.0,43.0,Off T,Left Foot,Open Play,0,0,24.186773244895647,0.2981820230660619,0.06605972742350152
19717,Liverpool WFC,Rinsola Babajide,89.0,42.0,Blocked,Left Foot,Open Play,0,0,31.064449134018133,0.2340887580382697,0.04541973188707709
19717,Liverpool WFC,Christie Murray,90.0,39.0,Off T,Right Foot,Open Play,0,0,30.01666203960727,0.2425371939646118,0.04804956776957549
19717,Arsenal WFC,Jordan Nobbs,110.0,53.0,Saved,Right Foot,Open Play,0,0,16.401219466856727,0.2789150655431878,0.09156784209264628
19717,Arsenal WFC,Vivianne Miedema,114.0,34.0,Blocked,Left Foot,Open Play,0,0,8.48528137423857,0.6431373508951367,0.17666777284790997
19717,Arsenal WFC,Vivianne Miedema,104.0,41.0,Blocked,Left Foot,Open Play,0,0,16.0312195418814,0.4481533108517188,0.10885285286132357
19717,Arsenal WFC,Jordan Nobbs,93.0,44.0,Saved,Right Foot,Open Play,0,0,27.29468812791236,0.2638479063890178,0.055538087502306634
19717,Arsenal WFC,Lia Wälti,108.0,28.0,Blocked,Left Foot,Open Play,0,0,16.97056274847714,0.3095925826558117,0.09192196395866463
19717,Liverpool WFC,Niamh Charles,117.0,45.0,Saved,Left Foot,Open Play,0,0,5.830951894845301,0.8172356131560818,0.2257961944451165
19717,Liverpool WFC,Sophie Elizabeth Bradley-Auckland,108.0,36.0,Saved,Head,Open Play,0,1,12.649110640673518,0.5398041725446996,0.13639063741003923
19717,Arsenal WFC,Katie McCabe,94.0,45.0,Saved,Left Foot,Open Play,0,0,26.476404589747453,0.2700268656682572,0.05798342238414232
19717,Arsenal WFC,Vivianne Miedema,105.0,40.0,Off T,Left Foot,Open Play,0,0,15.0,0.4786473619894159,0.11695863506904544
19717,Arsenal WFC,Jordan Nobbs,106.0,55.0,Off T,Right Foot,Open Play,0,0,20.518284528683196,0.246314921323405,0.07405326180356736
19717,Arsenal WFC,Vivianne Miedema,106.0,45.0,Goal,Right Foot,Open Play,1,0,14.866068747318506,0.4585395653254654,0.1154918136867005
19717,Liverpool WFC,Courtney Sweetman-Kirk,84.0,38.0,Off T,Right Foot,Open Play,0,0,36.05551275463989,0.2020241246604609,0.03495351243699937
19733,Birmingham City WFC,Emma Follis,103.0,55.0,Saved,Right Foot,Open Play,0,0,22.67156809750927,0.2436412918312,0.06709195727532163
19733,Manchester City WFC,Stephanie Houghton,106.0,37.0,Blocked,Head,Open Play,0,1,14.317821063276352,0.4911389475425698,0.12175582574250071
19733,Manchester City WFC,Georgia Stanway,87.0,47.0,Wayward,Right Foot,Open Play,0,0,33.734255586866,0.2115807174203805,0.03928686230387956
19733,Birmingham City WFC,Chloe Arthur,91.0,39.0,Off T,Left Foot,Open Play,0,0,29.017236257093817,0.2507958243679795,0.0507021811341338
19733,Birmingham City WFC,Lucy Staniforth,113.0,42.0,Wayward,Right Foot,Open Play,0,0,7.280109889280518,0.9127873142810397,0.2308727074244096
19733,Birmingham City WFC,Hayley Ladd,102.0,40.0,Off T,Right Foot,Open Play,0,0,18.0,0.4011972476954352,0.09574019902675818
19733,Manchester City WFC,Georgia Stanway,95.0,32.0,Off T,Right Foot,Open Play,0,0,26.248809496813376,0.2645212140716381,0.05827156365068645
19733,Manchester City WFC,Caroline Weir,92.0,21.0,Off T,Right Foot,Open Play,0,0,33.83784863137726,0.179180837713112,0.037864492361755604
19733,Birmingham City WFC,Emma Follis,101.0,58.0,Saved,Right Foot,Open Play,0,0,26.1725046566048,0.2041998317208146,0.05514422903617151
19733,Manchester City WFC,Jennifer Patricia Beattie,108.0,47.0,Blocked,Head,Open Play,0,1,13.892443989449804,0.4548693745035267,0.11995728437736988
19733,Manchester City WFC,Tessa Wullaert,100.0,53.0,Off T,Left Foot,Open Play,0,0,23.853720883753127,0.2576406751587423,0.06448783804060503
19733,Manchester City WFC,Nikita Parris,106.0,33.0,Saved,Right Foot,Open Play,0,0,15.652475842498529,0.4165815847584511,0.10747070660310544
19733,Birmingham City WFC,Meaghan Sargeant,114.0,44.0,Goal,Head,Open Play,1,1,7.211102550927978,0.849721767477455,0.22010662714765422
19733,Manchester City WFC,Caroline Weir,107.0,45.0,Goal,Left Foot,Open Play,1,0,13.92838827718412,0.4849333161672219,0.12307909725121753
19733,Birmingham City WFC,Lucy Staniforth,100.0,32.0,Saved,Right Foot,Open Play,0,0,21.54065922853801,0.3141387006624982,0.07548884701310428
19733,Manchester City WFC,Nikita Parris,104.0,61.0,Blocked,Right Foot,Open Play,0,0,26.40075756488817,0.1696797554574161,0.05276947366852984
19733,Manchester City WFC,Tessa Wullaert,91.0,48.0,Saved,Right Foot,Open Play,0,0,30.083217912982647,0.2337360037480101,0.0474916663827328
19733,Manchester City WFC,Nikita Parris,113.0,39.0,Goal,Right Foot,Open Play,1,0,7.071067811865476,0.950489982982555,0.2396672219852818
19733,Manchester City WFC,Keira Walsh,95.0,51.0,Blocked,Right Foot,Open Play,0,0,27.31300056749533,0.2447845356213188,0.054471552283896496
19733,Manchester City WFC,Tessa Wullaert,100.0,58.0,Goal,Right Foot,Open Play,1,0,26.90724809414742,0.2031789934381679,0.05328046642933865
19733,Birmingham City WFC,Hayley Ladd,94.0,15.0,Saved,Right Foot,Open Play,0,0,36.069377593742864,0.1467468404118409,0.033061335956584746
19733,Manchester City WFC,Georgia Stanway,107.0,24.0,Saved,Right Foot,Open Play,0,0,20.615528128088304,0.2272010241120869,0.07239991635479949
19733,Manchester City WFC,Caroline Weir,95.0,49.0,Post,Left Foot,Free Kick,0,0,26.570660511172846,0.2583168594303517,0.05708374585770627
19733,Manchester City WFC,Georgia Stanway,105.0,54.0,Wayward,Left Foot,Open Play,0,0,20.518284528683196,0.2631327887445208,0.07525009073490996
19733,Manchester City WFC,Caroline Weir,95.0,38.0,Saved,Left Foot,Open Play,0,0,25.079872407968907,0.2889492546674073,0.0628981979332825
19733,Birmingham City WFC,Lucy Staniforth,117.0,54.0,Saved,Right Foot,Open Play,0,0,14.317821063276352,0.1141132320262977,0.08593409630131094
19775,Reading WFC,Remi Allen,96.0,53.0,Blocked,Right Foot,Open Play,0,0,27.29468812791236,0.2356676842296738,0.05403478422829141
19775,Reading WFC,Fara Williams,95.0,33.0,Blocked,Left Foot,Open Play,0,0,25.96150997149434,0.2702423302998968,0.05936193191457943
19775,Liverpool WFC,Courtney Sweetman-Kirk,108.0,34.0,Goal,Right Foot,Open Play,1,0,13.41640786499874,0.485199017916681,0.12578882959339371
19775,Reading WFC,Brooke Chaplen,112.0,59.0,Blocked,Right Foot,Open Play,0,0,20.615528128088304,0.1413240887265653,0.06667853116257431
19775,Reading WFC,Rachel Furness,112.0,33.0,Blocked,Left Foot,Open Play,0,0,10.63014581273465,0.531494129225016,0.14714688791952182
19775,Reading WFC,Fara Williams,102.0,60.0,Blocked,Left Foot,Open Play,0,0,26.90724809414742,0.1833374724903166,0.05225875889832876
19775,Reading WFC,Mayumi Pacheco,101.0,30.0,Off T,Left Foot,Open Play,0,0,21.470910553583888,0.3012631457505211,0.07479989445659643
19775,Reading WFC,Fara Williams,89.0,41.0,Saved,Right Foot,Open Play,0,0,31.016124838541646,0.234802201624371,0.04555244782574472
19775,Liverpool WFC,Kirsty Linnett,95.0,49.0,Saved,Left Foot,Open Play,0,0,26.570660511172846,0.2583168594303517,0.05708374585770627
19775,Liverpool WFC,Jessica Anne Clarke,112.0,35.0,Off T,Head,Open Play,0,1,9.433981132056603,0.6590339261642636,0.1724598817668139
19775,Liverpool WFC,Jessica Anne Clarke,104.0,52.0,Off T,Left Foot,Open Play,0,0,20.0,0.2941567426761246,0.07930382234307795
19775,Liverpool WFC,Courtney Sweetman-Kirk,115.0,34.0,Off T,Head,Open Play,0,1,7.810249675906654,0.6554478745928638,0.18332599025895271
19775,Reading WFC,Fara Williams,108.0,49.0,Off T,Right Foot,Open Play,0,0,15.0,0.3934676145234129,0.10819574864064885
19775,Reading WFC,Fara Williams,94.0,46.0,Off T,Right Foot,Free Kick,0,0,26.68332812825267,0.2659742743547009,0.057217138486127736
19775,Liverpool WFC,Jessica Anne Clarke,106.0,20.0,Blocked,Right Foot,Open Play,0,0,24.413111231467404,0.1741185995851061,0.058001276686088024
19775,Reading WFC,Charlotte Estcourt,90.0,60.0,Saved,Right Foot,Open Play,0,0,36.05551275463989,0.1690527659190792,0.03382565790574921
19775,Reading WFC,Remi Allen,90.0,41.0,Off T,Right Foot,Open Play,0,0,30.01666203960727,0.2425371939646118,0.04804956776957549
19775,Reading WFC,Brooke Chaplen,108.0,52.0,Off T,Right Foot,Open Play,0,0,16.97056274847714,0.3095925826558117,0.09192196395866463
19775,Reading WFC,Fara Williams,107.0,23.0,Saved,Left Foot,Open Play,0,0,21.40093455903269,0.2108516720733792,0.06881897715322662
19775,Reading WFC,Fara Williams,98.0,51.0,Off T,Right Foot,Open Play,0,0,24.596747752497688,0.265769527123989,0.0628588421586792
19775,Reading WFC,Fara Williams,99.0,41.0,Off T,Left Foot,Open Play,0,0,21.02379604162864,0.3443620866998682,0.07948896521303662
19775,Reading WFC,Brooke Chaplen,114.0,32.0,Off T,Left Foot,Open Play,0,0,10.0,0.4693381791262921,0.14296072608516547
19775,Reading WFC,Fara Williams,89.0,27.0,Goal,Right Foot,Free Kick,1,0,33.61547262794322,0.2004929302628403,0.039071698672531616
19775,Liverpool WFC,Courtney Sweetman-Kirk,118.0,39.0,Goal,Head,Open Play,1,1,2.23606797749979,2.091479969669102,0.5629770339489737
19775,Reading WFC,Rachel Furness,89.0,26.0,Off T,Left Foot,Open Play,0,0,34.0147027033899,0.1958809289057418,0.03818299288520057
19775,Reading WFC,Kirstyn Pearce,92.0,54.0,Off T,Right Foot,Open Play,0,0,31.304951684997057,0.208946417272536,0.04382309220277169
19775,Reading WFC,Rachel Furness,99.0,22.0,Off T,Left Foot,Open Play,0,0,27.65863337187866,0.2017402975803671,0.05141623760890209
19775,Reading WFC,Fara Williams,91.0,49.0,Goal,Left Foot,Open Play,1,0,30.364452901377952,0.229516137759087,0.04669026988092157
19775,Reading WFC,Rachel Furness,110.0,39.0,Off T,Head,Open Play,0,1,10.04987562112089,0.6960594565863748,0.17368395767357614
19775,Reading WFC,Fara Williams,82.0,33.0,Saved,Right Foot,Open Play,0,0,38.63935817272331,0.1858272517344525,0.030502003746453687
19775,Reading WFC,Molly Bartrip,92.0,40.0,Off T,Left Foot,Open Play,0,0,28.0,0.2599547094013491,0.053583361451440936
19775,Reading WFC,Molly Bartrip,100.0,39.0,Off T,Right Foot,Open Play,0,0,20.024984394500787,0.3611397948230591,0.0843980300367004
19775,Reading WFC,Remi Allen,99.0,50.0,Post,Right Foot,Open Play,0,0,23.259406699226016,0.2835065387473691,0.06789924146114763
19792,Yeovil Town LFC,Bonnie Horwood,92.0,28.0,Off T,Right Foot,Free Kick,0,0,30.463092423455635,0.2204546814886703,0.046067796544843526
19792,Bristol City WFC,Julie Biesmans,89.0,55.0,Saved,Right Foot,Open Play,0,0,34.438350715445125,0.1911551216547842,0.03726739021417607
19792,Bristol City WFC,Rosella Ayane,99.0,55.0,Wayward,Left Foot,Open Play,0,0,25.80697580112788,0.2313317093542378,0.057564217184888355
19792,Bristol City WFC,Lucy Hope,97.0,27.0,Saved,Right Foot,Open Play,0,0,26.419689627245813,0.2411378652956567,0.0565241654474083
19792,Yeovil Town LFC,Anne-Marie Heatherson,100.0,56.0,Off T,Left Foot,Open Play,0,0,25.612496949731398,0.2239996924068304,0.05766142234702242
19792,Bristol City WFC,Rosella Ayane,101.0,60.0,Saved,Right Foot,Open Play,0,0,27.586228448267445,0.1839315742639957,0.05069590652084864
19792,Bristol City WFC,Carla Humphrey,104.0,52.0,Blocked,Left Foot,Open Play,0,0,20.0,0.2941567426761246,0.07930382234307795
19792,Bristol City WFC,Julie Biesmans,90.0,37.0,Saved,Right Foot,Free Kick,0,0,30.14962686336267,0.2404536229023959,0.047660677232015905
19792,Bristol City WFC,Lucy Hope,109.0,32.0,Saved,Left Foot,Open Play,0,0,13.601470508735444,0.4387207882165155,0.11967713878573807
19792,Yeovil Town LFC,Anne-Marie Heatherson,116.0,41.0,Goal,Left Foot,Open Play,1,0,4.123105625617661,1.4483114602875398,0.37753871878063017
19792,Bristol City WFC,Lucy Hope,105.0,26.0,Saved,Right Foot,Open Play,0,0,20.518284528683196,0.2631327887445208,0.07525009073490996
19792,Bristol City WFC,Poppy Pattinson,98.0,22.0,Blocked,Left Foot,Open Play,0,0,28.42534080710379,0.1999585540186611,0.049562467238739985
19792,Bristol City WFC,Rosella Ayane,101.0,31.0,Wayward,Right Foot,Open Play,0,0,21.02379604162864,0.3137751082057479,0.07721363201738696
19792,Bristol City WFC,Rosella Ayane,94.0,48.0,Goal,Left Foot,Open Play,1,0,27.202941017470888,0.2561756566544299,0.05535499630695975
19792,Bristol City WFC,Julie Biesmans,95.0,27.0,Off T,Left Foot,Open Play,0,0,28.178005607210743,0.2302752570120106,0.051633384447600905
19792,Bristol City WFC,Lucy Hope,105.0,37.0,Off T,Left Foot,Open Play,0,0,15.297058540778355,0.4618247726186124,0.1137339879496912
19792,Yeovil Town LFC,Olivia Fergusson,108.0,43.0,Wayward,Head,Open Play,0,1,12.36931687685298,0.5616185180743135,0.1406766545813137
19792,Yeovil Town LFC,Olivia Fergusson,99.0,30.0,Saved,Right Foot,Open Play,0,0,23.259406699226016,0.2835065387473691,0.06789924146114763
19792,Bristol City WFC,Lucy Hope,93.0,54.0,Saved,Right Foot,Open Play,0,0,30.4138126514911,0.2135003582617212,0.0458574603770133
2275030,Brighton & Hove Albion WFC,Aileen Whelan,99.1,33.8,Off T,Left Foot,Open Play,0,0,21.800229356591647,0.3198719060945137,0.07503196097720592
2275030,Tottenham Hotspur Women,Ashleigh Neville,107.5,55.3,Off T,Left Foot,Open Play,0,0,19.75702406740448,0.2381354301834556,0.07600669200312976
2275030,Tottenham Hotspur Women,Angela Addison,101.4,21.7,Saved,Left Foot,Open Play,0,0,26.09310253687744,0.2012262280659491,0.05518339763440665
2275030,Tottenham Hotspur Women,Rianna Dean,112.7,41.5,Blocked,Head,Open Play,0,1,7.452516353554681,0.9029903216873172,0.2276257637022049
2275030,Tottenham Hotspur Women,Ria Percival,94.3,52.1,Off T,Right Foot,Open Play,0,0,28.40598528479517,0.2327821611761521,0.051225023261399105
2275030,Brighton & Hove Albion WFC,Aileen Whelan,111.7,54.6,Off T,Left Foot,Open Play,0,0,16.794344286098223,0.2224080770727404,0.0853530492771181
2275030,Tottenham Hotspur Women,Siri Worm,88.2,40.2,Saved,Left Foot,Open Play,0,0,31.80062892459833,0.2291713997226365,0.04369842535353161
2275030,Brighton & Hove Albion WFC,Aileen Whelan,103.7,53.4,Blocked,Left Foot,Open Play,0,0,21.10094784600919,0.269562854033657,0.07377642822760755
2275030,Brighton & Hove Albion WFC,Aileen Whelan,94.7,49.4,Saved,Right Foot,Open Play,0,0,26.98981289301576,0.2534271010787911,0.05574366079925686
2275030,Tottenham Hotspur Women,Rianna Dean,117.2,44.5,Saved,Head,Open Play,0,1,5.299999999999998,0.9487915509266088,0.2551820856451343
2275030,Tottenham Hotspur Women,Ria Percival,91.3,25.3,Saved,Right Foot,Open Play,0,0,32.24561985758686,0.20189488796893,0.04167675421683018
2275030,Brighton & Hove Albion WFC,Iniabasi Anefiok Umotong,94.6,56.9,Off T,Right Foot,Open Play,0,0,30.508523399207643,0.1999654502701663,0.04505501695892516
2275030,Brighton & Hove Albion WFC,Kayleigh Green,113.9,42.8,Off T,Right Foot,Open Play,0,0,6.711929677819927,0.9541132479699832,0.24351262225066753
2275030,Tottenham Hotspur Women,Kit Graham,101.4,46.5,Saved,Left Foot,Open Play,0,0,19.703045449879056,0.3484312976637065,0.0845817683436893
2275030,Tottenham Hotspur Women,Josie Green,109.1,47.4,Off T,Right Foot,Open Play,0,0,13.174596768022925,0.4621521215727662,0.12446151689756207
2275030,Brighton & Hove Albion WFC,Iniabasi Anefiok Umotong,117.2,62.8,Off T,Right Foot,Open Play,0,0,22.971286424577965,0.0398323555779324,0.05434073222872955
2275030,Brighton & Hove Albion WFC,Kate Natkiel,95.2,54.7,Off T,Right Foot,Open Play,0,0,28.82932534763864,0.2184559628635936,0.04954581672778661
2275056,Liverpool WFC,Melissa Lawley,92.2,31.1,Saved Off Target,Right Foot,Open Play,0,0,29.189895511974683,0.2380452125832431,0.04968053713551746
2275056,Liverpool WFC,Niamh Charles,88.4,38.1,Blocked,Right Foot,Open Play,0,0,31.657068720903386,0.2298053927576675,0.04401504536437234
2275056,Liverpool WFC,Niamh Charles,104.2,38.9,Wayward,Right Foot,Open Play,0,0,15.838244852255563,0.4532470932192324,0.11026929649160944
2275056,Everton LFC,Chantelle Boye-Hlorkah,93.3,53.6,Off T,Right Foot,Open Play,0,0,29.964145240603813,0.217481923728868,0.04699545560477233
2275056,Liverpool WFC,Kirsty Linnett,101.9,53.6,Blocked,Right Foot,Open Play,0,0,22.640008833920533,0.2594402466665691,0.0682142154160576
2275056,Liverpool WFC,Kirsty Linnett,114.8,40.6,Saved,Head,Open Play,0,1,5.234500931320963,1.2182496545186403,0.31207901838784785
2275056,Liverpool WFC,Melissa Lawley,88.8,28.7,Blocked,Right Foot,Open Play,0,0,33.183278921770224,0.2069567762611557,0.04011445647625066
2275056,Liverpool WFC,Kirsty Linnett,99.6,49.5,Off T,Right Foot,Open Play,0,0,22.50355527466716,0.2941039547435578,0.0709502654253262
2275056,Liverpool WFC,Niamh Charles,85.5,44.7,Off T,Right Foot,Open Play,0,0,34.81867315105502,0.20760057234444,0.03721967935586178
2275056,Liverpool WFC,Rhiannon Roberts,82.7,35.1,Saved,Right Foot,Open Play,0,0,37.620473149602994,0.1923528140581232,0.03219216857931631
2275056,Liverpool WFC,Kirsty Linnett,86.9,42.3,Off T,Right Foot,Open Play,0,0,33.17981313991987,0.2192159797355172,0.04061008176975595
2275056,Everton LFC,Lucy Hope,88.3,26.5,Goal,Right Foot,Open Play,1,0,34.45489805528381,0.1951787271037206,0.03738777421680632
2275056,Everton LFC,Hannah Cain,99.5,53.2,Off T,Left Foot,Open Play,0,0,24.382165613415065,0.2527158628658073,0.06267422881357665
2275056,Liverpool WFC,Courtney Sweetman-Kirk,86.9,35.2,Off T,Right Foot,Open Play,0,0,33.446225497057206,0.2158045785104472,0.03997919980339534
2275056,Liverpool WFC,Melissa Lawley,91.2,30.0,Blocked,Right Foot,Open Play,0,0,30.48671841966596,0.2261988014885672,0.046278423555975036
2275056,Everton LFC,Chantelle Boye-Hlorkah,94.0,25.1,Saved,Right Foot,Open Play,0,0,29.966814979239956,0.2119143549536764,0.046733520819405676
2275056,Liverpool WFC,Melissa Lawley,80.1,41.4,Off T,Right Foot,Free Kick,0,0,39.92455384847776,0.1827248271973305,0.028638958360979534
2275056,Liverpool WFC,Niamh Charles,105.7,39.5,Blocked,Left Foot,Open Play,0,0,14.308738588708646,0.5005797220999164,0.12284668168239067
2275056,Liverpool WFC,Rhiannon Roberts,110.3,56.4,Blocked,Right Foot,Open Play,0,0,19.053870997778905,0.2003448564066994,0.07564588897609163
2275056,Everton LFC,Chantelle Boye-Hlorkah,105.0,30.9,Blocked,Right Foot,Open Play,0,0,17.5445148123281,0.3569666819942228,0.09370943866174265
2275056,Liverpool WFC,Niamh Charles,107.2,42.5,Off T,Right Foot,Open Play,0,0,13.04185569618066,0.5389135271098374,0.13407665675913147
2275056,Everton LFC,Lucy Hope,92.2,34.3,Blocked,Left Foot,Open Play,0,0,28.37833680820636,0.2515190836996518,0.0522370607784368
2275056,Everton LFC,Hannah Cain,91.8,40.6,Saved,Right Foot,Open Play,0,0,28.206382256503584,0.258017938937881,0.052982528033352384
2275056,Liverpool WFC,Niamh Charles,111.4,45.4,Off T,Head,Open Play,0,1,10.154801819828878,0.6118091475626595,0.1608959806836611
2275056,Liverpool WFC,Rinsola Babajide,98.0,54.2,Blocked,Left Foot,Open Play,0,0,26.18472837361503,0.2351248674797475,0.05679645114859786
2275056,Liverpool WFC,Rinsola Babajide,84.5,30.9,Off T,Left Foot,Open Play,0,0,36.6477830161662,0.1930001625575256,0.03370216948581965
2275056,Liverpool WFC,Niamh Charles,110.9,41.7,Off T,Right Foot,Open Play,0,0,9.257429448826487,0.7444439123742983,0.18666608818035413
2275056,Liverpool WFC,Rebecca Jane,101.0,40.2,Off T,Right Foot,Open Play,0,0,19.001052602421797,0.3805615253927439,0.08990186301640046
2275056,Everton LFC,Molly Pike,113.3,44.6,Blocked,Right Foot,Open Play,0,0,8.127115109311548,0.7499120162473173,0.19593764410902467
2275091,Brighton & Hove Albion WFC,Aileen Whelan,104.3,49.5,Blocked,Right Foot,Open Play,0,0,18.3504768330417,0.3414977063549332,0.08916929514947701
2275091,Brighton & Hove Albion WFC,Kayleigh Green,108.6,42.9,Blocked,Left Foot,Open Play,0,0,11.763077828527708,0.5887319980206976,0.14771684761593326
2275091,Tottenham Hotspur Women,Kit Graham,84.8,39.4,Blocked,Left Foot,Open Play,0,0,35.205113264979,0.2071508332345324,0.036543721133146884
2275091,Tottenham Hotspur Women,Kit Graham,103.9,60.8,Off T,Left Foot,Open Play,0,0,26.303041649208552,0.1719904146614581,0.053124251956087366
2275091,Brighton & Hove Albion WFC,Aileen Whelan,115.6,49.1,Off T,Head,Open Play,0,1,10.107917688624106,0.3480385662905157,0.12774311771694702
2275091,Brighton & Hove Albion WFC,Aileen Whelan,88.6,51.3,Blocked,Right Foot,Open Play,0,0,33.37139493638227,0.2059426513694333,0.03972800604667018
2275091,Brighton & Hove Albion WFC,Aileen Whelan,90.3,50.4,Off T,Left Foot,Open Play,0,0,31.46823795511913,0.2189862060119375,0.043927879054289715
2275091,Tottenham Hotspur Women,Rachel Furness,103.6,54.5,Saved,Right Foot,Open Play,0,0,21.890865674979604,0.2522278475935719,0.070052240559429
2275091,Brighton & Hove Albion WFC,Léa Le Garrec,102.2,39.7,Blocked,Right Foot,Open Play,0,0,17.80252791038396,0.4054756561442191,0.09694994949403407
2275091,Tottenham Hotspur Women,Gemma Suzanne Davison,93.7,27.6,Saved,Right Foot,Open Play,0,0,29.0766229125736,0.2273732427085036,0.049419064034975105
2275091,Brighton & Hove Albion WFC,Kate Natkiel,93.1,33.0,Blocked,Right Foot,Open Play,0,0,27.795863001533167,0.2537662105353206,0.05375769575589308
2275091,Brighton & Hove Albion WFC,Léa Le Garrec,82.5,36.7,Saved,Right Foot,Open Play,0,0,37.64491997600739,0.1931115535684363,0.03217992956466247
2275091,Brighton & Hove Albion WFC,Kayleigh Green,91.3,60.3,Blocked,Right Foot,Open Play,0,0,35.153662682571216,0.17020134218778,0.03531099405521612
2275091,Brighton & Hove Albion WFC,Kate Natkiel,99.5,39.2,Blocked,Right Foot,Open Play,0,0,20.515603817582363,0.3528401742490787,0.08194867579487272
2275091,Brighton & Hove Albion WFC,Léa Le Garrec,88.8,40.7,Saved Off Target,Right Foot,Open Play,0,0,31.207851576165897,0.2334331374382217,0.0450928509347834
2275091,Tottenham Hotspur Women,Rianna Dean,111.9,30.4,Blocked,Right Foot,Open Play,0,0,12.56065284927499,0.3896811389465844,0.11962296888701528
2275091,Tottenham Hotspur Women,Hannah Godfrey,115.0,41.6,Off T,Head,Open Play,0,1,5.249761899362675,1.2015420820906222,0.30823942754950023
2275091,Tottenham Hotspur Women,Ashleigh Neville,114.0,44.3,Blocked,Right Foot,Open Play,0,0,7.381734213584229,0.8186226551081436,0.2132774440639655
2275091,Tottenham Hotspur Women,Ashleigh Neville,114.8,42.6,Blocked,Left Foot,Open Play,0,0,5.813776741499456,1.07872240037903,0.27647966910191846
2275091,Tottenham Hotspur Women,Rachel Furness,97.6,41.7,Saved,Left Foot,Open Play,0,0,22.464416306683784,0.3221472006630952,0.07300553790573869
2275091,Tottenham Hotspur Women,Rianna Dean,115.7,37.4,Saved,Right Foot,Open Play,0,0,5.024937810560444,1.210608674838375,0.31255083455962573
2275091,Brighton & Hove Albion WFC,Léa Le Garrec,87.2,37.3,Blocked,Right Foot,Open Play,0,0,32.91094043019737,0.220785644330597,0.041180184938208256
2275091,Brighton & Hove Albion WFC,Aileen Whelan,104.2,45.7,Blocked,Right Foot,Open Play,0,0,16.796725871431015,0.4064127162266452,0.10135186165094516
2275091,Brighton & Hove Albion WFC,Iniabasi Anefiok Umotong,85.0,56.5,Blocked,Right Foot,Open Play,0,0,38.69431482789171,0.1709727953138994,0.029975828786892374
2275091,Brighton & Hove Albion WFC,Iniabasi Anefiok Umotong,111.9,32.1,Blocked,Right Foot,Open Play,0,0,11.314592347937236,0.4773695903480784,0.13636675233092627
2275091,Brighton & Hove Albion WFC,Victoria Williams,111.5,33.9,Blocked,Right Foot,Open Play,0,0,10.462313319720453,0.5747499621461853,0.15387456327567334
2275091,Brighton & Hove Albion WFC,Maya Le Tissier,103.3,30.3,Blocked,Right Foot,Open Play,0,0,19.312690128513943,0.3277018718641664,0.08438061634709523
2275091,Brighton & Hove Albion WFC,Amanda Nildén,114.8,39.4,Blocked,Left Foot,Open Play,0,0,5.234500931320963,1.2182496545186403,0.31207901838784785
2275105,Chelsea FCW,Samantha May Kerr,110.5,46.2,Saved,Right Foot,Open Play,0,0,11.344161493913951,0.5427336198348145,0.1443176622189208
2275105,Manchester City WFC,Ellen White,104.7,29.5,Blocked,Right Foot,Open Play,0,0,18.556400513030532,0.3263155721973784,0.08711707102476614
2275105,Chelsea FCW,Samantha May Kerr,112.8,34.1,Wayward,Head,Open Play,0,1,9.30859817588019,0.623670826829898,0.16816335945620525
2275105,Manchester City WFC,Caroline Weir,110.8,39.5,Off T,Right Foot,Open Play,0,0,9.213576938409972,0.7555133163616196,0.18872599871661946
2275105,Manchester City WFC,Ellen White,108.8,38.4,Off T,Head,Open Play,0,1,11.313708498984765,0.6209639184219705,0.1547494509897072
2275105,Chelsea FCW,Bethany England,107.8,27.3,Blocked,Left Foot,Open Play,0,0,17.61050822662424,0.2923336336748214,0.0879507306827719
2275105,Chelsea FCW,Samantha May Kerr,106.0,38.9,Saved,Head,Open Play,0,1,14.04314779527724,0.5085975366514348,0.12512977006196963
2275105,Chelsea FCW,Erin Cuthbert,117.1,44.0,Blocked,Right Foot,Open Play,0,0,4.940647730814254,1.0921733269981773,0.2877813347468152
2275105,Manchester City WFC,Ellen White,113.4,40.7,Goal,Right Foot,Open Play,1,0,6.637017402418041,1.0053882654587385,0.25405635884108646
2275105,Chelsea FCW,Samantha May Kerr,111.8,54.6,Saved,Right Foot,Open Play,0,0,16.745148551147587,0.2211291012317073,0.08543474611387446
2275105,Manchester City WFC,Caroline Weir,98.7,44.4,Saved,Left Foot,Open Play,0,0,21.74971264177989,0.3270236240851014,0.07571458191069737
2275105,Chelsea FCW,Bethany England,114.9,33.2,Blocked,Head,Open Play,0,1,8.499999999999995,0.5652669458188562,0.1652022903651366
2275105,Chelsea FCW,So-Yun Ji,93.9,44.9,Goal,Right Foot,Open Play,1,0,26.555978611228014,0.2694413435213818,0.057742119174435676
2275105,Chelsea FCW,Bethany England,111.8,46.3,Saved,Right Foot,Open Play,0,0,10.340696301506972,0.5705408092382593,0.15407085545158625
2275105,Chelsea FCW,Bethany England,115.0,44.1,Saved,Left Foot,Open Play,0,0,6.466065264130886,0.910643559540586,0.23749053051823046
2275105,Chelsea FCW,Bethany England,114.0,42.5,Saved,Left Foot,Open Play,0,0,6.5,0.9895324616211004,0.25221273639170405
2275105,Manchester City WFC,Georgia Stanway,108.8,29.2,Goal,Right Foot,Open Play,1,0,15.558920271021382,0.3442295325463049,0.10093453149644267
2275105,Manchester City WFC,Caroline Weir,118.3,47.6,Saved,Right Foot,Open Play,0,0,7.787810988975017,0.2574945387651038,0.12978390820891456
2275105,Manchester City WFC,Caroline Weir,94.0,48.6,Blocked,Left Foot,Open Play,0,0,27.385397568777417,0.252858298713885,0.054721335291474146
2275105,Manchester City WFC,Lauren Hemp,98.5,25.9,Blocked,Left Foot,Open Play,0,0,25.71108710264893,0.238376083767476,0.058211246077374386
2275105,Chelsea FCW,Magdalena Lilly Eriksson,111.6,40.1,Goal,Head,Open Play,1,1,8.400595217006954,0.8217340324188744,0.20570231349946205
2275105,Chelsea FCW,Bethany England,87.3,34.8,Goal,Right Foot,Open Play,1,0,33.110874346655365,0.2175351914457489,0.04067170999585816
2275105,Manchester City WFC,Janine Elizabeth Beckie,111.5,44.5,Blocked,Head,Open Play,0,1,9.617692030835672,0.66648913775426,0.1722963757046696
2275105,Manchester City WFC,Lauren Hemp,109.7,38.7,Goal,Left Foot,Open Play,1,0,10.381714694596454,0.6740200688193225,0.16820695212804046
2275105,Manchester City WFC,Caroline Weir,109.0,30.1,Saved,Right Foot,Open Play,0,0,14.79898645178108,0.3732499970998005,0.10712261905869816
2275105,Chelsea FCW,Magdalena Lilly Eriksson,113.7,37.0,Off T,Head,Open Play,0,1,6.977822009767801,0.9175499529412,0.23434095243724823
2275105,Chelsea FCW,Bethany England,103.2,42.4,Off T,Left Foot,Open Play,0,0,16.970562748477136,0.4210476193828689,0.10196600626198149
2275122,Reading WFC,Fara Williams,94.9,17.5,Off T,Right Foot,Open Play,0,0,33.70845591242648,0.1621906393182869,0.03745544776532507
2275122,Reading WFC,Fara Williams,86.3,37.8,Off T,Right Foot,Open Play,0,0,33.77173374288031,0.215462136546836,0.03936990661554869
2275122,Reading WFC,Fara Williams,113.4,44.0,Off T,Right Foot,Open Play,0,0,7.71751255262989,0.8081258520889093,0.20879100642197776
2275122,Bristol City WFC,Abigail Harrison,93.6,25.2,Off T,Right Foot,Open Play,0,0,30.26549190084312,0.2109161870700333,0.04605317429309764
2275122,Reading WFC,Rachel Rowe,107.3,51.4,Saved,Left Foot,Open Play,0,0,17.066048165876015,0.3228704347047839,0.09268365562919548
2275122,Reading WFC,Remi Allen,107.3,43.4,Goal,Right Foot,Open Play,1,0,13.147243057006287,0.5278354655868202,0.13217528448663274
2275122,Reading WFC,Brooke Chaplen,110.1,49.8,Goal,Right Foot,Open Play,1,0,13.93018305694509,0.3814901510077476,0.11202278458959042
2275122,Reading WFC,Remi Allen,98.3,28.7,Saved,Right Foot,Open Play,0,0,24.465894629054542,0.265055965573403,0.06318668070451061
2275122,Bristol City WFC,Carla Humphrey,98.1,46.9,Off T,Left Foot,Open Play,0,0,22.96127174178295,0.3024200423730839,0.07007048563982814
2275122,Bristol City WFC,Charlie Wellings,110.0,30.2,Wayward,Left Foot,Open Play,0,0,14.00142849854971,0.3811775597541044,0.1116507897773274
2275122,Bristol City WFC,Carla Humphrey,89.1,45.5,Saved,Right Foot,Open Play,0,0,31.38566551787616,0.2287109730923915,0.0445190179438992
2275122,Bristol City WFC,Charlie Wellings,109.8,52.3,Goal,Right Foot,Open Play,1,0,15.97904878270293,0.2993393975333862,0.09506387853667511
2275122,Reading WFC,Fara Williams,106.2,32.9,Off T,Right Foot,Open Play,0,0,15.51934276958918,0.4179495202065966,0.10822173495554968
2275122,Reading WFC,Rachel Rowe,101.3,24.0,Saved,Left Foot,Open Play,0,0,24.61077000014425,0.2271205059788614,0.06051545675617634
2275122,Reading WFC,Kristine Leine,114.1,33.4,Off T,Left Foot,Open Play,0,0,8.852683209061539,0.5866346659210815,0.16590244860097192
2275122,Reading WFC,Brooke Chaplen,88.5,43.9,Saved,Left Foot,Open Play,0,0,31.74051039287176,0.2279260805249642,0.043765566430059875
2275122,Reading WFC,Angharad James,115.5,43.4,Goal,Head,Open Play,1,1,5.640035460881428,1.0610478538287134,0.274511452832007
2275122,Bristol City WFC,Yana Daniëls,115.5,39.5,Goal,Right Foot,Open Play,1,0,4.527692569068709,1.3583731795601042,0.35157983167365736
2275122,Reading WFC,Jade Moore,85.5,26.0,Off T,Right Foot,Open Play,0,0,37.23237838226293,0.181918741761196,0.03243911736204699
2275122,Reading WFC,Remi Allen,99.6,41.6,Saved,Right Foot,Open Play,0,0,20.462648899885867,0.352985951746282,0.08215161496281125
2275122,Bristol City WFC,Carla Humphrey,108.2,32.4,Off T,Right Foot,Open Play,0,0,14.035668847618195,0.4397263270127821,0.11760413821082472
2275122,Reading WFC,Kristine Leine,118.4,40.3,Off T,Head,Open Play,0,1,1.6278820596099646,2.313188819733682,0.6250127530168857
2275122,Reading WFC,Remi Allen,105.9,49.4,Off T,Right Foot,Open Play,0,0,16.946090994680745,0.3605199065950064,0.09649862999213521
2275122,Bristol City WFC,Gemma Evans,108.8,38.0,Saved,Head,Open Play,0,1,11.377170122662315,0.61506720510931,0.15355978213981128
2275122,Reading WFC,Rachel Rowe,107.8,59.1,Off T,Right Foot,Open Play,0,0,22.663847863944024,0.1766562741715653,0.06292144663128112
2275122,Reading WFC,Fara Williams,109.6,53.3,Off T,Right Foot,Open Play,0,0,16.883423823383694,0.2732297767320916,0.08918191415926909
2275122,Bristol City WFC,Ebony Salmon,114.2,32.1,Goal,Left Foot,Open Play,1,0,9.80051019080129,0.4745133146089639,0.14479803993714338
2275122,Reading WFC,Fara Williams,84.0,38.2,Off T,Right Foot,Open Play,0,0,36.04497191010142,0.2021403059792099,0.03497463915247222
2275122,Reading WFC,Remi Allen,112.7,36.0,Blocked,Left Foot,Open Play,0,0,8.324061508662702,0.7629159828887007,0.19655823049284912
2275122,Reading WFC,Jade Moore,102.6,36.5,Off T,Right Foot,Open Play,0,0,17.74852106514794,0.3995709194950458,0.09664497451183439
2275142,Manchester United,Leah Galton,117.8,46.4,Off T,Head,Open Play,0,1,6.767569726275451,0.4612203093117065,0.16192523055477492
2275142,Bristol City WFC,Ebony Salmon,103.3,16.6,Saved,Right Foot,Open Play,0,0,28.748043411682826,0.1492337569467856,0.04646617994860015
2275142,Manchester United,Hayley Ladd,86.6,26.6,Blocked,Right Foot,Open Play,0,0,35.987775702313144,0.1884850156119606,0.03459458586584441
2275142,Manchester United,Jackie Groenen,102.3,28.5,Blocked,Right Foot,Open Play,0,0,21.107818456676192,0.2912883916987326,0.07529753400964806
2275142,Manchester United,Lauren James,102.1,20.4,Saved,Right Foot,Open Play,0,0,26.543737491167292,0.1873497855535019,0.05333889446754099
2275142,Bristol City WFC,Ebony Salmon,116.0,32.0,Goal,Right Foot,Open Play,1,0,8.94427190999916,0.4141805847096425,0.14221488409364266
2275142,Manchester United,Lauren James,93.8,46.8,Saved,Left Foot,Open Play,0,0,27.068062361388197,0.260569717217685,0.05593339322902391
2275142,Manchester United,Katie Zelem,107.1,33.6,Blocked,Right Foot,Open Play,0,0,14.400347218036105,0.453037214965935,0.11720952037031222
2275142,Manchester United,Hayley Ladd,101.0,38.9,Off T,Right Foot,Open Play,0,0,19.03181546778972,0.3794042290415517,0.08968362124817886
2275142,Manchester United,Millie Turner,111.4,41.6,Blocked,Left Foot,Open Play,0,0,8.74757109145161,0.7840307394184485,0.19678017449205787
2275142,Manchester United,Abbie McManus,110.8,33.1,Off T,Right Foot,Open Play,0,0,11.500000000000002,0.5155055299365464,0.13998430712626772
2275142,Manchester United,Martha Harris,94.9,20.2,Saved,Right Foot,Open Play,0,0,31.9695167307859,0.1801800556776925,0.04131460660363158
2275142,Manchester United,Amy Turner,103.4,48.1,Off T,Head,Open Play,0,1,18.47078774714278,0.3550116620547333,0.08983276999264692
2275142,Manchester United,Katie Zelem,91.0,53.8,Off T,Right Foot,Open Play,0,0,32.11603960640228,0.2055718196364345,0.04207854304211531
2275142,Bristol City WFC,Charlie Wellings,100.2,27.6,Blocked,Right Foot,Open Play,0,0,23.362362894193726,0.265788358020657,0.06644557524900596
2275142,Manchester United,Jessica Sigsworth,111.2,43.2,Wayward,Right Foot,Open Play,0,0,9.363759928575698,0.7143688188238352,0.1812483416321936
2275142,Manchester United,Amy Turner,100.4,47.4,Off T,Right Foot,Open Play,0,0,20.950417656934665,0.3251952198569618,0.07831018085183752
2275142,Manchester United,Leah Galton,110.6,50.7,Off T,Left Foot,Open Play,0,0,14.242541907960115,0.3483769768064074,0.1072288684627927
2275142,Manchester United,Jackie Groenen,112.1,44.3,Saved,Right Foot,Open Play,0,0,8.994442728707547,0.7083451246825131,0.18296691632424666
2275142,Manchester United,Elizabeth Arnott,117.1,37.4,Post,Right Foot,Open Play,0,0,3.8948684188300944,1.4874024735756182,0.3896531039991182
2275142,Manchester United,Leah Galton,111.9,55.8,Saved,Left Foot,Open Play,0,0,17.7552809045647,0.1939565042976221,0.079641947587508
2275142,Manchester United,Amy Turner,91.1,54.3,Blocked,Right Foot,Open Play,0,0,32.24437935516825,0.2032789260223693,0.04173612312379838
2275142,Manchester United,Ella Toone,94.8,57.2,Saved,Left Foot,Open Play,0,0,30.510326120839814,0.1984089114565212,0.04498235310059005
2275142,Bristol City WFC,Yana Daniëls,88.2,38.3,Blocked,Right Foot,Open Play,0,0,31.845407832213414,0.2285412607531617,0.0435815406050555
2275142,Manchester United,Hayley Ladd,92.8,49.3,Saved,Right Foot,Open Play,0,0,28.74595623735624,0.2401919253529392,0.050803815869030544
2275142,Manchester United,Jackie Groenen,114.9,53.2,Off T,Right Foot,Open Play,0,0,14.150971698084906,0.1971954783378609,0.09357766637282368
2275142,Manchester United,Martha Harris,108.6,21.7,Off T,Left Foot,Open Play,0,0,21.56038033059714,0.1827795598213088,0.06651142694253338
2275142,Manchester United,Ella Toone,110.5,38.6,Post,Left Foot,Open Play,0,0,9.60260381354974,0.7229642460435711,0.180859815619179
2275142,Manchester United,Leah Galton,115.7,50.5,Saved,Left Foot,Open Play,0,0,11.346365056704284,0.2664008149657331,0.1125785795266025
data1,Barcelona,Lionel Andrés Messi Cuccittini,111.5,52.9,Off T,Right Foot,Open Play,0,0,15.44862453424252,0.2694896353423866,0.09461175121794951
data1,Barcelona,Jordi Alba Ramos,113.9,26.4,Off T,Left Foot,Open Play,0,0,14.905368160498416,0.2107023358145141,0.09170067755887423
data1,Barcelona,Lionel Andrés Messi Cuccittini,93.7,34.7,Saved,Left Foot,Open Play,0,0,26.828715958837837,0.266075091849508,0.056847062310611776
data1,Deportivo Alavés,Rubén Sobrino Pozuelo,109.2,39.1,Off T,Head,Open Play,0,1,10.837435120913064,0.6497160417770155,0.16174217214771686
data1,Barcelona,Luis Alberto Suárez Díaz,107.8,24.7,Off T,Right Foot,Open Play,0,0,19.568597292601225,0.2371199037295427,0.0765709254811439
data1,Barcelona,Ousmane Dembélé,108.6,27.8,Wayward,Left Foot,Open Play,0,0,16.69730517179344,0.3046315445227546,0.0925934334023418
data1,Barcelona,Ivan Rakitić,112.5,41.7,Off T,Head,Open Play,0,1,7.690253571892152,0.8761182524894635,0.22082375559119424
data1,Barcelona,Lionel Andrés Messi Cuccittini,96.5,52.6,Post,Left Foot,Free Kick,0,0,26.66477076593759,0.241760287034823,0.05593332907965156
data1,Barcelona,Gerard Piqué Bernabéu,112.4,41.0,Off T,Head,Open Play,0,1,7.665507158694714,0.8867131072626552,0.22291338942315592
data1,Barcelona,Ousmane Dembélé,102.5,30.1,Saved,Right Foot,Open Play,0,0,20.106217943710845,0.3167037499175888,0.08063733103748312
data1,Barcelona,Luis Alberto Suárez Díaz,110.0,27.7,Wayward,Right Foot,Open Play,0,0,15.852129194527782,0.2985055481809778,0.09551552088951058
data1,Barcelona,Ousmane Dembélé,106.1,32.6,Off T,Right Foot,Open Play,0,0,15.74706321826391,0.4092634288936397,0.10631711126107606
data1,Barcelona,Jordi Alba Ramos,116.5,31.2,Saved,Left Foot,Open Play,0,0,9.470480452437458,0.3239729196511909,0.12839452386924152
data1,Deportivo Alavés,Mubarak Wakaso,105.6,23.9,Blocked,Left Foot,Open Play,0,0,21.60023148024113,0.228535586586961,0.06937489867180623
data1,Barcelona,Luis Alberto Suárez Díaz,110.3,25.3,Blocked,Right Foot,Open Play,0,0,17.611927776367924,0.2348303923210331,0.08330809269751988
data1,Barcelona,Philippe Coutinho Correia,94.9,26.3,Blocked,Right Foot,Open Play,0,0,28.59545418418808,0.2245823657715114,0.050378730906387545
data1,Barcelona,Jordi Alba Ramos,106.7,26.5,Blocked,Left Foot,Open Play,0,0,18.95098942008042,0.2744766966986375,0.08153151926669126
data1,Barcelona,Lionel Andrés Messi Cuccittini,100.0,57.4,Off T,Left Foot,Open Play,0,0,26.50962089506374,0.2092605654793588,0.0545747472420776
data1,Barcelona,Philippe Coutinho Correia,100.0,27.6,Blocked,Right Foot,Open Play,0,0,23.532105728132365,0.2645768429964207,0.06586464235276816
data1,Barcelona,Lionel Andrés Messi Cuccittini,97.8,45.4,Goal,Left Foot,Free Kick,1,0,22.84731931759173,0.3092580543238181,0.07089066753367373
data1,Barcelona,Lionel Andrés Messi Cuccittini,106.3,47.0,Post,Left Foot,Open Play,0,0,15.384732691860464,0.4221144941342964,0.10926439314089648
data1,Barcelona,Ivan Rakitić,88.5,41.2,Wayward,Right Foot,Open Play,0,0,31.522848856028222,0.2310157496053865,0.04433999743653553
data1,Barcelona,Luis Alberto Suárez Díaz,108.4,30.2,Saved,Left Foot,Open Play,0,0,15.185519418182569,0.3726641750443294,0.105302372893821
data1,Deportivo Alavés,Adrián Marín Gómez,114.5,32.8,Off T,Right Foot,Open Play,0,0,9.060353193998568,0.5301168397295196,0.15667838828455116
data1,Barcelona,Philippe Coutinho Correia,113.2,31.4,Saved,Right Foot,Open Play,0,0,10.963576058932595,0.436119187021578,0.13337612423030187
data1,Barcelona,Philippe Coutinho Correia,105.3,33.4,Goal,Right Foot,Open Play,1,0,16.113658802394944,0.4119594155436289,0.10491570698540899
data1,Barcelona,Lionel Andrés Messi Cuccittini,106.6,46.8,Saved,Left Foot,Open Play,0,0,15.026643005009472,0.4326219982583159,0.11202241623359216
data1,Barcelona,Lionel Andrés Messi Cuccittini,111.5,36.2,Goal,Left Foot,Open Play,1,0,9.31074647920348,0.7038581544394725,0.1800226895677273
data2,Barcelona,Ousmane Dembélé,119.2,27.8,Off T,Right Foot,Open Play,0,0,12.226201372462338,0.0430055860112968,0.08809786244798001
data2,Real Valladolid,Enes Ünal,105.7,21.6,Saved,Left Foot,Open Play,0,0,23.303433223454437,0.1951164070523,0.06223443232123742
data2,Real Valladolid,Rubén Alcaraz Jiménez,88.9,46.8,Saved,Right Foot,Open Play,0,0,31.834729463276418,0.2238254425046432,0.043400780892713105
data2,Barcelona,Ousmane Dembélé,92.0,28.6,Off T,Right Foot,Open Play,0,0,30.231771367222265,0.2237788487905308,0.04671093460683703
data2,Barcelona,Ousmane Dembélé,98.8,35.4,Off T,Right Foot,Open Play,0,0,21.693316943243147,0.3272178927078057,0.07591846016419984
data2,Barcelona,Luis Alberto Suárez Díaz,112.7,31.2,Saved,Right Foot,Open Play,0,0,11.433722053644647,0.4273489963167433,0.12976304057288324
data2,Barcelona,Philippe Coutinho Correia,100.6,28.5,Saved,Right Foot,Open Play,0,0,22.552383466055208,0.2792667787548844,0.06979682618581405
data2,Barcelona,Luis Alberto Suárez Díaz,107.2,48.6,Blocked,Right Foot,Open Play,0,0,15.420765220960988,0.3955281504793442,0.10646228539464461
data2,Barcelona,Lionel Andrés Messi Cuccittini,94.9,38.6,Off T,Left Foot,Free Kick,0,0,25.13901350490905,0.2887251159673462,0.06271734851551167
data2,Real Valladolid,Enes Ünal,105.8,21.3,Off T,Right Foot,Open Play,0,0,23.48041737278109,0.1908756437606853,0.06148741426070095
data2,Barcelona,Ousmane Dembélé,109.5,23.2,Saved,Right Foot,Open Play,0,0,19.81136037731887,0.2000348659670554,0.07311841453114777
data2,Barcelona,Ousmane Dembélé,111.9,49.0,Goal,Right Foot,Open Play,1,0,12.108261642366337,0.4187607833175389,0.12517491674627537
data2,Real Valladolid,Óscar Plano Pedreño,96.1,28.3,Off T,Right Foot,Open Play,0,0,26.610148440021906,0.2467010729785052,0.05634208480783751
data2,Real Valladolid,Sergio Gontán Gallardo,112.0,41.8,Saved,Head,Open Play,0,1,8.2,0.8273256721654618,0.20822962460561117
data2,Real Valladolid,Francisco José Olivas Alba,109.2,36.8,Saved,Head,Open Play,0,1,11.264102272262978,0.6084568542498408,0.1533808060583655
data2,Barcelona,Gerard Piqué Bernabéu,111.5,39.1,Blocked,Head,Open Play,0,1,8.54751425854324,0.8063625000207134,0.20198677136934187
data2,Barcelona,Malcom Filipe Silva de Oliveira,108.4,27.6,Saved,Left Foot,Open Play,0,0,16.979988221432894,0.2995614645885149,0.0910255035843876
data2,Real Valladolid,Rubén Alcaraz Jiménez,91.8,50.2,Off T,Right Foot,Open Play,0,0,29.987997599039524,0.2289296368352637,0.04747463175079466
